{
  "loss": [
    0.10246599465608597,
    0.028002304956316948,
    0.017072778195142746,
    0.01270321849733591,
    0.009782594628632069,
    0.007919111289083958,
    0.0076423692516982555,
    0.006601782515645027,
    0.006169803440570831,
    0.005692505277693272,
    0.00541303725913167,
    0.005121208727359772,
    0.005247946362942457,
    0.004588050302118063,
    0.004520119167864323,
    0.0044729942455887794,
    0.004203638527542353,
    0.004053181502968073,
    0.004178375005722046,
    0.0038023681845515966,
    0.003838062286376953,
    0.003988463431596756,
    0.0038823168724775314,
    0.003811751725152135,
    0.004030204843729734,
    0.0038175685331225395,
    0.0036769616417586803,
    0.003725583665072918,
    0.0038030666764825583,
    0.0037549776025116444,
    0.0037717593368142843,
    0.0035996807273477316
  ],
  "mae": [
    0.23016737401485443,
    0.1262393593788147,
    0.09804864972829819,
    0.08417122811079025,
    0.07417824864387512,
    0.06645382195711136,
    0.06493344157934189,
    0.060392193496227264,
    0.05842297524213791,
    0.055629607290029526,
    0.05491463094949722,
    0.053200140595436096,
    0.05345553904771805,
    0.04979804530739784,
    0.04904245212674141,
    0.04874792695045471,
    0.04734770581126213,
    0.04690106585621834,
    0.04732253775000572,
    0.04566841945052147,
    0.04526668041944504,
    0.04584820568561554,
    0.04524662345647812,
    0.044634826481342316,
    0.0462602898478508,
    0.04516277834773064,
    0.04455741122364998,
    0.04456210136413574,
    0.04543396085500717,
    0.0450340136885643,
    0.044927552342414856,
    0.04368964210152626
  ],
  "val_loss": [
    0.11474458873271942,
    0.020439106971025467,
    0.016562525182962418,
    0.0063239894807338715,
    0.0036314839962869883,
    0.0033633739221841097,
    0.0047841379418969154,
    0.004795219283550978,
    0.003838925389572978,
    0.00490176398307085,
    0.003031217958778143,
    0.0028031589463353157,
    0.0032181902788579464,
    0.003900145413354039,
    0.005661212373524904,
    0.006402681116014719,
    0.004531362093985081,
    0.003694412764161825,
    0.005363245494663715,
    0.0038161517586559057,
    0.0028202382382005453,
    0.002676805481314659,
    0.0030639905016869307,
    0.003336267778649926,
    0.003404257819056511,
    0.003778462763875723,
    0.003884623060002923,
    0.0037556111346930265,
    0.0038738357834517956,
    0.003470594296231866,
    0.0035190682392567396,
    0.0033095621038228273
  ],
  "val_mae": [
    0.317661315202713,
    0.11637120693922043,
    0.10558083653450012,
    0.059629980474710464,
    0.04277016967535019,
    0.03991171717643738,
    0.05054231733083725,
    0.05379033833742142,
    0.04503504931926727,
    0.05416116490960121,
    0.03943673148751259,
    0.036961764097213745,
    0.04164294898509979,
    0.04895563796162605,
    0.05983341485261917,
    0.06655678898096085,
    0.05406009405851364,
    0.04592191055417061,
    0.06091775745153427,
    0.04848021641373634,
    0.03896808251738548,
    0.03703279048204422,
    0.041144829243421555,
    0.04432772845029831,
    0.044620268046855927,
    0.0480540469288826,
    0.04899780824780464,
    0.047431886196136475,
    0.04830144718289375,
    0.044734518975019455,
    0.04561038315296173,
    0.04367014393210411
  ],
  "learning_rate": [
    0.0010000000474974513,
    0.0010000000474974513,
    0.0010000000474974513,
    0.0010000000474974513,
    0.0010000000474974513,
    0.0010000000474974513,
    0.0010000000474974513,
    0.0010000000474974513,
    0.0010000000474974513,
    0.0005000000237487257,
    0.0005000000237487257,
    0.0005000000237487257,
    0.0005000000237487257,
    0.0005000000237487257,
    0.0005000000237487257,
    0.0002500000118743628,
    0.0002500000118743628,
    0.0002500000118743628,
    0.0001250000059371814,
    0.0001250000059371814,
    0.0001250000059371814,
    6.25000029685907e-05,
    6.25000029685907e-05,
    6.25000029685907e-05,
    6.25000029685907e-05,
    3.125000148429535e-05,
    3.125000148429535e-05,
    3.125000148429535e-05,
    1.5625000742147677e-05,
    1.5625000742147677e-05,
    1.5625000742147677e-05,
    7.812500371073838e-06
  ]
}