{
  "loss": [
    0.24661320447921753,
    0.04540445655584335,
    0.026501739397644997,
    0.020078612491488457,
    0.014642451889812946,
    0.01372678205370903,
    0.011390271596610546,
    0.00988463032990694,
    0.009277458302676678,
    0.008711332455277443,
    0.007948681712150574,
    0.007768924813717604,
    0.007835625670850277,
    0.007267321459949017,
    0.006695798598229885,
    0.006215002853423357,
    0.006115572061389685,
    0.006930000614374876,
    0.006258849054574966,
    0.005578865762799978,
    0.005400337278842926,
    0.00566569110378623,
    0.005650347098708153,
    0.005439107306301594,
    0.005188878159970045,
    0.00518453773111105,
    0.0049806698225438595,
    0.00493601243942976,
    0.005202744621783495,
    0.004981650039553642,
    0.005348063539713621,
    0.004908131901174784,
    0.004931737668812275,
    0.005080782808363438,
    0.004785278812050819,
    0.0048804450780153275,
    0.0048516723327338696,
    0.0047535072080791
  ],
  "mae": [
    0.33828166127204895,
    0.16123616695404053,
    0.12122409790754318,
    0.10505378246307373,
    0.08913474529981613,
    0.0850495919585228,
    0.07806794345378876,
    0.07231869548559189,
    0.07078156620264053,
    0.06843531876802444,
    0.06499751657247543,
    0.06480191648006439,
    0.06444805860519409,
    0.06245998293161392,
    0.06028936058282852,
    0.05813669413328171,
    0.05757172033190727,
    0.058415308594703674,
    0.056422848254442215,
    0.05414092540740967,
    0.0538085475564003,
    0.0543869249522686,
    0.054627664387226105,
    0.053164903074502945,
    0.052109140902757645,
    0.05228137597441673,
    0.05184502154588699,
    0.05130810663104057,
    0.05229597166180611,
    0.05136104300618172,
    0.051904983818531036,
    0.05142708495259285,
    0.05024532973766327,
    0.05190162733197212,
    0.04977364465594292,
    0.05142002925276756,
    0.04964819177985191,
    0.04939764365553856
  ],
  "val_loss": [
    0.07366302609443665,
    0.032155588269233704,
    0.008915290236473083,
    0.005103376694023609,
    0.00381482788361609,
    0.004638758487999439,
    0.004447941202670336,
    0.003716902807354927,
    0.003595133079215884,
    0.003200622508302331,
    0.004327477887272835,
    0.003586031496524811,
    0.003004406811669469,
    0.0047791884280741215,
    0.0028734065126627684,
    0.0036457236856222153,
    0.0028358078561723232,
    0.0038980883546173573,
    0.003103103721514344,
    0.0027873171493411064,
    0.003563005244359374,
    0.003170132404193282,
    0.002917248522862792,
    0.003026938997209072,
    0.0026205223985016346,
    0.002724953694269061,
    0.002576184691861272,
    0.0023017912171781063,
    0.0028470850083976984,
    0.0024965174961835146,
    0.0025340558495372534,
    0.0025531419087201357,
    0.002985467202961445,
    0.0026737453881651163,
    0.002646032953634858,
    0.0026900270022451878,
    0.002397000789642334,
    0.0024249416310340166
  ],
  "val_mae": [
    0.2593972682952881,
    0.15856996178627014,
    0.07198038697242737,
    0.05439038947224617,
    0.042425449937582016,
    0.0482284352183342,
    0.045206401497125626,
    0.041217412799596786,
    0.04075442999601364,
    0.03879112750291824,
    0.045598093420267105,
    0.041688427329063416,
    0.03626037761569023,
    0.04737279564142227,
    0.03680622577667236,
    0.041913919150829315,
    0.03607041761279106,
    0.04499945417046547,
    0.03844299167394638,
    0.03554566204547882,
    0.04232950136065483,
    0.038814373314380646,
    0.03791249915957451,
    0.03895014151930809,
    0.03515269234776497,
    0.03598843514919281,
    0.03485806658864021,
    0.031574733555316925,
    0.03698030486702919,
    0.034093182533979416,
    0.0343131422996521,
    0.03445127606391907,
    0.038940563797950745,
    0.035805415362119675,
    0.03568119928240776,
    0.03619937598705292,
    0.03308723866939545,
    0.033507928252220154
  ],
  "learning_rate": [
    0.0010000000474974513,
    0.0010000000474974513,
    0.0010000000474974513,
    0.0010000000474974513,
    0.0010000000474974513,
    0.0010000000474974513,
    0.0010000000474974513,
    0.0010000000474974513,
    0.0005000000237487257,
    0.0005000000237487257,
    0.0005000000237487257,
    0.0005000000237487257,
    0.0005000000237487257,
    0.0005000000237487257,
    0.0005000000237487257,
    0.0005000000237487257,
    0.0005000000237487257,
    0.0005000000237487257,
    0.0002500000118743628,
    0.0002500000118743628,
    0.0002500000118743628,
    0.0001250000059371814,
    0.0001250000059371814,
    0.0001250000059371814,
    6.25000029685907e-05,
    6.25000029685907e-05,
    6.25000029685907e-05,
    6.25000029685907e-05,
    6.25000029685907e-05,
    6.25000029685907e-05,
    6.25000029685907e-05,
    3.125000148429535e-05,
    3.125000148429535e-05,
    3.125000148429535e-05,
    1.5625000742147677e-05,
    1.5625000742147677e-05,
    1.5625000742147677e-05,
    7.812500371073838e-06
  ]
}